{
    "$schema": "https://schema.management.azure.com/schemas/2015-01-01/deploymentParameters.json#",
    "contentVersion": "1.0.0.0",
    "parameters": {
        "virtualMachines_workshop_vm_1_name": {
            "value": null
        },
        "galleries_training_externalid": {
            "value": null
        },
        "disks_workshop_vm_1_OsDisk_1_7d76777ff50d45bb88e3354a29126662_externalid": {
            "value": null
        },
        "networkInterfaces_workshop_vm_15_z1_externalid": {
            "value": null
        }
    }
}