{
    "$schema": "https://schema.management.azure.com/schemas/2019-04-01/deploymentTemplate.json#",
    "contentVersion": "1.0.0.0",
    "parameters": {
        "virtualMachines_workshop_vm_1_name": {
            "defaultValue": "workshop-vm-1",
            "type": "String"
        },
        "galleries_training_externalid": {
            "defaultValue": "/subscriptions/0ac3340c-19f2-4e25-93b0-806a1f3f3d26/resourceGroups/rg-ajay-hazra-training26-8387/providers/Microsoft.Compute/galleries/training",
            "type": "String"
        },
        "disks_workshop_vm_1_OsDisk_1_7d76777ff50d45bb88e3354a29126662_externalid": {
            "defaultValue": "/subscriptions/0ac3340c-19f2-4e25-93b0-806a1f3f3d26/resourceGroups/RG-AJAY-HAZRA-TRAINING26-8387/providers/Microsoft.Compute/disks/workshop-vm-1_OsDisk_1_7d76777ff50d45bb88e3354a29126662",
            "type": "String"
        },
        "networkInterfaces_workshop_vm_15_z1_externalid": {
            "defaultValue": "/subscriptions/0ac3340c-19f2-4e25-93b0-806a1f3f3d26/resourceGroups/rg-ajay-hazra-training26-8387/providers/Microsoft.Network/networkInterfaces/workshop-vm-15_z1",
            "type": "String"
        }
    },
    "variables": {},
    "resources": [
        {
            "type": "Microsoft.Compute/virtualMachines",
            "apiVersion": "2024-11-01",
            "name": "[parameters('virtualMachines_workshop_vm_1_name')]",
            "location": "westus3",
            "zones": [
                "1"
            ],
            "properties": {
                "hardwareProfile": {
                    "vmSize": "Standard_B4as_v2"
                },
                "additionalCapabilities": {
                    "hibernationEnabled": false
                },
                "storageProfile": {
                    "imageReference": {
                        "id": "[concat(parameters('galleries_training_externalid'), '/images/azure-training')]"
                    },
                    "osDisk": {
                        "osType": "Linux",
                        "name": "[concat(parameters('virtualMachines_workshop_vm_1_name'), '_OsDisk_1_7d76777ff50d45bb88e3354a29126662')]",
                        "createOption": "FromImage",
                        "caching": "ReadWrite",
                        "managedDisk": {
                            "id": "[parameters('disks_workshop_vm_1_OsDisk_1_7d76777ff50d45bb88e3354a29126662_externalid')]"
                        },
                        "deleteOption": "Detach"
                    },
                    "dataDisks": [],
                    "diskControllerType": "SCSI"
                },
                "networkProfile": {
                    "networkInterfaces": [
                        {
                            "id": "[parameters('networkInterfaces_workshop_vm_15_z1_externalid')]",
                            "properties": {
                                "deleteOption": "Delete"
                            }
                        }
                    ]
                }
            }
        }
    ]
}