{
    "$schema": "https://schema.management.azure.com/schemas/2019-04-01/deploymentTemplate.json#",
    "contentVersion": "1.0.0.0",
    "parameters": {
        "virtualMachines_az_foundry_training_name": {
            "defaultValue": "az-foundry-training",
            "type": "String"
        },
        "disks_az_foundry_training_OsDisk_1_c77a5fdd05d64f16aed443cd23dbd306_externalid": {
            "defaultValue": "/subscriptions/0ac3340c-19f2-4e25-93b0-806a1f3f3d26/resourceGroups/RG-AJAY-HAZRA-TRAINING26-8387/providers/Microsoft.Compute/disks/az-foundry-training_OsDisk_1_c77a5fdd05d64f16aed443cd23dbd306",
            "type": "String"
        },
        "networkInterfaces_az_foundry_training2_z1_externalid": {
            "defaultValue": "/subscriptions/0ac3340c-19f2-4e25-93b0-806a1f3f3d26/resourceGroups/rg-ajay-hazra-training26-8387/providers/Microsoft.Network/networkInterfaces/az-foundry-training2_z1",
            "type": "String"
        }
    },
    "variables": {},
    "resources": [
        {
            "type": "Microsoft.Compute/virtualMachines",
            "apiVersion": "2024-11-01",
            "name": "[parameters('virtualMachines_az_foundry_training_name')]",
            "location": "westus3",
            "zones": [
                "1"
            ],
            "properties": {
                "hardwareProfile": {
                    "vmSize": "Standard_E2s_v3"
                },
                "additionalCapabilities": {
                    "hibernationEnabled": false
                },
                "storageProfile": {
                    "imageReference": {
                        "publisher": "canonical",
                        "offer": "ubuntu-24_04-lts",
                        "sku": "server",
                        "version": "latest"
                    },
                    "osDisk": {
                        "osType": "Linux",
                        "name": "[concat(parameters('virtualMachines_az_foundry_training_name'), '_OsDisk_1_c77a5fdd05d64f16aed443cd23dbd306')]",
                        "createOption": "FromImage",
                        "caching": "ReadWrite",
                        "managedDisk": {
                            "id": "[parameters('disks_az_foundry_training_OsDisk_1_c77a5fdd05d64f16aed443cd23dbd306_externalid')]"
                        },
                        "deleteOption": "Delete"
                    },
                    "dataDisks": [],
                    "diskControllerType": "SCSI"
                },
                "osProfile": {
                    "computerName": "[parameters('virtualMachines_az_foundry_training_name')]",
                    "adminUsername": "azure-admin",
                    "linuxConfiguration": {
                        "disablePasswordAuthentication": false,
                        "provisionVMAgent": true,
                        "patchSettings": {
                            "patchMode": "ImageDefault",
                            "assessmentMode": "ImageDefault"
                        }
                    },
                    "secrets": [],
                    "allowExtensionOperations": true,
                    "requireGuestProvisionSignal": true
                },
                "networkProfile": {
                    "networkInterfaces": [
                        {
                            "id": "[parameters('networkInterfaces_az_foundry_training2_z1_externalid')]",
                            "properties": {
                                "deleteOption": "Detach"
                            }
                        }
                    ]
                },
                "diagnosticsProfile": {
                    "bootDiagnostics": {
                        "enabled": true
                    }
                },
                "priority": "Spot",
                "evictionPolicy": "Deallocate",
                "billingProfile": {
                    "maxPrice": -1
                }
            }
        }
    ]
}